name,smile
2hzl_110,C1OC2CNC12
5ko5_287,CC1C2NC3N1CN23
4i7p_309,C#CC1(O)CC2CCC21F
4i7p_336,OC1C2C3C4CC3C1(F)C42
4yrd_534,N#CC1(C#N)CC2CC13CCC23
4eoh_537,OC1C2OCC3C4CC3C1(O4)O2
188l_25,C1CC2CC3CC1C23
188l_397,C1CC2CC3C1CC23
4eoh_481,OC1OC2C3CCC24OCOC14O3
4yxi_247,OCC1C2CCN3C4CC3C2C14
1c3x_285,CC1(O)C2CC3C(Br)C(CN3O)(O2)C1N
3s71_822,CC1(C)C2C(O)C13C(OC#N)CC23C
4kfq_7,CC12CCC34CCC1(OC3O)C4(OO)O2
1c3x_622,N#CN1C2NC(C2O)C(Br)C23CC(O)(C2)C13
3wtj_234,CCCCC12OCC3(CC(=CF)C1(C)OO3)C2=O
4kwg_548,CC1(N)CC2(F)CC34CCC2CC(C13)[S+]4[O-]
1qkt_82,[O-][n+]1[nH]c2cc3c4c(c2c2cc(cc1-4)SC=CN2)C=C3
3p58_447,O=C(O)C1CC2C3CC4CC2CC1(C4)C3
5eqp_11,[N-]=[NH+]N=CC1C(=O)C2CNC2CC2C3C4C5C4C12C35
4q4r_23,CCN1C2C3C(C(C)N)C45CCC1(O)C4(ONC(N)=S)C2C35
3gc5_210,OCC1C(O)CC(NC2C3CC4CC2C43)C(O)C1O
4da5_534,N#CC1(NC(=O)C23CC4(CC(Cl)(Cl)CC(C(=O)O)(C4)C2)C3)CCC1
4y2b_658,Cc1noc(=S)n1CCCn1c(O)c2c3c1CC(CC2)C3
1o5e_253,CC(N)=CC1CC23CCC4(C(=N)N)C2CC2(CC2)C3C14CBr
4de1_649,CCSC(=N)NC1CC(C)C2CC3CC1N=C(C3=O)C2O
1ecv_586,CONC(=O)NC12C(Br)C1C1(O)C3CC4C3C3C4C1C32
1gi1_328,O=C(NC12CC3C4C5NC6NC1C3C64C52)C1CC1
1ttm_354,Cc1nnsc1C(=O)NC1OC2C1C1CC34CC(C3)C12C4
5a6k_289,NC(=O)c1c2nc(c(=O)[nH]c1=O)NC(=O)N2
5otz_610,CC=C1c2[nH]c3c(C)c2CC2C3CCC2C1CCF
2q1q_812,CC(C)=c1c(C(C)C)c(C=O)n(C)c(=O)c1=C(C)C
5otz_719,Cc1[nH]cc(CCC2CC34C(C)C2C3C(F)C4F)c1C
4l19_622,CN(CO)CC12CCCC3(C#N)C(C1)CC31CC(C2)C1
1nfy_456,N#CC(NC(=O)C1CC1)C(=O)NC12C3CC4=CC=C(Br)C(C5C3C1C52)[S+]([O-])C4
5n1r_384,CC(C)CC(C)(C)NC(=O)OCC1C2CC13CCN(C)C2O3
6d5g_466,O=C(NC1CCCC1)C1C2C=CC2C1C(=O)N1C(C(=O)NCl)CC2C(Br)C21
5a8e_445,CNC1CC2CC3CC(CCC(Cn4ccnc4)=NO)(C1)C23
5anu_45,CC(C)=C1SSC2C34OC5C(O)CC(C)(O)CC5C2(O3)N1C4O
4q0k_261,CN=C(N=c1nc2cc(CO)c3nn(C)c(c4ccccc4[nH]2)c13)NC
1vso_195,CCNCCOCC1CCCCC2C1C1N2C2C(O)C(O)C21O
5u6c_15,COC(=O)OC(CC(C)Cl)=C1C2=NOC3(C)C4C5OC3C13CC4(C)CC5(Cl)C3(O)C2=O
5e2s_253,OC1(CN2CCCC23CC24CC(CC3C2)C4)CCCC1
3rlq_670,CCN1CCCc2c(Cl)sc3c2C2OCC(F)CC2C1N3
2qg2_521,CC(C)=CCC12CCOC1(C)OOC13COC2OCC(C1)C3O
4de2_634,CCCCCN1CC23C(O)C(OC)C4C(CCCC4(O)C2O)C13
1ttm_318,CCC(C)OC(=O)N1CC23C(OC)CC4C2CC(=O)C4(O)C13
5ime_631,COc1cocc1SCC(=O)C12C(=O)C3(Cl)C4(C)CC(CCC1O)(CC23C(=O)O)O4
5zbz_69,C=C1C(=O)CCC2C34CC5C3C2(C(=O)OC(C)=O)C4CC1C5(C)C
1gjc_148,CC(C)NC(=O)NC12CC3(CC(C)(N)C(C(=O)O)(C3)C1)C21CCC1
4urx_18,CC1C(C)(C)C1(C#CCC1C2CN1C2)C(=O)Cl
1o5e_85,CCNC(=O)NC1Cc2c3[nH]c4c2NC=CC(F)=C(C)C32CC1C2(C)CC4
5fqd_345,CC1(O)CC2C3CC4CC5(O)C6(C)OC45C6C2N3C1
4cp5_254,N=C(NOCCSCC1=C2OC(O)C(=C1O)O[NH+]2[O-])C1CC(N=Cc2no[nH]c2=N)N=N1
6g9i_528,O=C(NCC=CCBr)C12C3CCCC1C1C3CC12
4e6q_561,CC(C)C1(C)C2=CC#CC34C5CC(OC3C(C(O)CCO)C54)C1C2
1bnu_496,CCOC(=O)C1C2CCC3C4(C)C1C(O)C3(O)C1(OC)OC(O2)C(C)CC41
6d55_778,COC1C[N+]2(CC3C(Br)C(Br)C34C(=O)N3C(C)SC34)CCC1C2O
5i7x_663,COC=CC1CC23CN4CC5C(C2CCCC(C)C53C)C14O
1sqt_493,C#CC#CC(C)(O)C#[N+]CC1C(NC(=O)CC(C)[O-])C2=C(O)C1[N+]2(C)C
1c5o_152,C[N+]12CCC1C(CO)C2
5mwy_589,CC12Cc3ccc(C#N)nc3N=c3cc[n+]4cccc1c4c3=Nc1c([N+](=O)[O-])cccc12
6n3k_64,CC(C)CCCCCCC(=O)N=C1C=C2C(=O)N(C)C(=C(Cl)C=C2Cl)NN1
3ikg_864,CCCCCCc1c(OC2OC(=O)C(C)(O)C3CC4CC5C4(O)CC235)c[nH]c1O
3udh_468,C[N+]1(C)C2C3NCC4C2C2C3C4C21
4b73_268,CC1C2=NC(CCCCCCCC3NCCNC3=O)C1(Cl)C1(F)CC21
3cy2_69,CC1(Br)OC2C(C)(C)C(C(=O)O)=C(C1O)C2(C)C
5fdi_490,CC(C)CC1NCC2C1(C=O)C(O)C21CC2COC21
4z1k_44,CC1C2=NC(=O)C34CCC5(CCO)OC2C5(O)C3CCC4C1(C)CO
5kgs_700,C=C1C(=O)C23C=C(C)C1C(C2)C(C)(C=O)C3OC1C=CC(=O)C(C)(C)C1=O
3gjw_487,C#CC12CC34CC5C3C1C5(C(=O)O)C2(C(=O)NCC)C4
4uye_823,COC(=O)OC1OC2C1C1CC3(C1)CC2C3(O)CC(=O)C1CCCCCCC1
5orh_126,ClC12CCC(C1)C2NC1CC23C=CC2C1C3
3udh_363,NCC1C2C3C4C5CC5C15NC4C5C32
3udh_234,C1[NH+]=[N+]2CC3CC4C1C1CCN2C4C31
6f28_421,[N-]=[NH+]N(C(=O)NN)C1C2C3C4C5C3C(C(=O)[O-])(C42)C51
4z1k_562,C=C1C(=O)C(C(O)O)C2CC(O)C3C(C(C)C)CCC4C5OC3C5C142
6ht1_498,CC(C)(NC(=O)OC1C2CCC3CC1C3C2)C(=O)NC1CC2C(O)C3CC1C23
3gjw_335,CC(CO)C1C2C3C4C5C6C7C8C(C4C2C78C15)C36CN
3u5l_793,CCC1(C)C2OC3N=C4CCCN(C4)C(C#N)C1(C#N)C32Cl
2xjg_281,CCC1C2C(C(C)(C)CC)OC3(C4=CNN=C3CC=C4)C3OC123
4oag_233,CC(N=C1C(C(=O)O)=C(C(O)O)Oc2oc3c(c(=O)c2O)C1NCN3)O[N+]([O-])=NNN
1qbo_249,C=CC1CC1CCCC(=O)NC1CC23OC4CC(C2O)C12CC(O)C1c5ccccc5C2CC413
6ht1_859,COC12CCC34c5ccc(O)c(O)c5C35CCN(CC3CC3)C4C53CC1C3(N)C2
1u3d_44,N#CC(C(O)O)C12CCC3(Oc4c3cc3ccoc3c4O1)OC(C(O)C(O)C(O)C(O)CO)C2CO
3u5l_488,COC1(C)OC2CCC3(F)C4(C)OOC23CC(C)CCC1O4
4au8_767,C1=CN2N=C(N=CN2C2CCCC2)C(=NC2CCCCC2)N1
2jh0_722,CCOCCNC(=O)Cn1c(=O)c2c3n(-c4ccccc4)c(c4cccc(c4-2)c1=O)=CC(F)=C3
5i80_125,CC1OC1CN1C2C3CCC(C)C4(C)C2C2C3CC4(O)C21
4muv_262,COC(=O)C1NC(=O)C2(NNC3(NC4(C)CC3=NO4)S2)C(=O)N1
4v01_398,COC(CC(=O)NC12C3CC4C5NC(C5C(=O)O)(C1C3)C42)C(Br)(Br)Br
5c1m_110,C=C1C2CC3C(O)C4CC1C3(NC(=O)C1=CCC3C1C1CC(C#CC[N+](C)(C)C)C31)C24
3nv6_206,C1=CC2=C3C=CN=CC(=C1)C3=C2
4hwp_553,COC1CC2OC3C4C(OC5CC(N)C(O)(C6(C)CC6)C(O)C5NC(C)C)C1C3C24
5ime_691,CC1C2(Cl)CC13OOCC1(O)C(O)C(COCCN(C)C)CC1C(OCC3(C)C)O2
5c1m_344,CC[n+]1cc2c(=NC)[nH][nH]c2c2c3[n+](ccc21)C1=C2CCC(=O)N=c4c-3c[nH]c4=C2CCC1
2eg7_827,NC(N)=NNC(N)C12CC3CC(C1)C32
2f35_135,COCOCC12CC3(CN4C(NC=O)C5CC6C(O)C4C3C5C61)C2O
1bgq_441,Fc1cnc2c3c1SN2C1(CCCCC1)C12CC4NC3CN4C1CN2
5ja0_225,NCCCCCNCCCCNc1ccc2c(O)c1-c1c-2ncc([N+](=O)[O-])c1N
2cf8_220,CC#CC[N+]1(C)C2CC1(C#CC#CC1=CC=C1C[n+]1n[nH][nH]1)C2(Br)C(O)C(C)C
4xub_723,CCSC(C)C(=O)OCOC(=O)C1=C(C)N=C2SC1C(C)C2=O
1vpo_837,C1=Cc2[nH]cc3c2C2=NCc4cccc(c42)OCC(=C1)C=C3
5kgs_895,COC1(O)CC2C34CC5CC2(CC(C)=O)C5(C)CC2C(C)(C)C(=O)C3C21O4
6fng_156,CC12C=C(Sc3cc(Cl)c(Cl)c(Cl)c3O1)c1c2c(O)n(CCCCN2CCOC2)c1O
5n0e_401,CC(C)CC1OC(=O)CC23C4CC5C6CCC6NC(CCC12O)C(C)C(O)C4CC53
2qg0_520,COC(=O)CCCC(C)C=CC=CC12OC(=O)C3(OC(C)(C)C13)C(O)C2O
3eb1_647,CCCCCCCC(O)C1COC(CCC2C3CC24CC2CC3OC4C2)C1O
6a56_268,CC1(N)N=C2C(=O)C(=C(NCC(N)O)C(=O)N2C(=N)NN)C(=O)N1
2b9a_47,ClC(Cl)=C(C1CCC1)C1CC2CNC21
6ckr_307,CCC(=O)C1C2CC3(C)C2C2(C)CC(O)C13CC21CCC(COC(C)=O)C(=O)O1
2xjx_510,C[N+]12CCC3(C1)C1C=C(CO)C(C=CC[N+]45CCC(CC4)C(O)C(O)C5O)C1C3C2
1lke_758,Cn1ccc(=N)c2ccc3cc4c(n3c21)-c1ccccc1CC4=NNC(N)=S
5e73_742,CC1CCCCC(C=CC2CCCC(=O)O2)=Nc2ccc1[n-]c2=N
6nlk_761,CCCCCC(O)C1OC23CCC(O)C2(O)CC(C)=C1C3
1m2q_442,CC1=NNc2c3sc(C#N)c2CC1N=C3NC(C)C
3f8c_756,CCCCCNC(=O)C12CC(C3CC1C3)C1C3C(O)C(C)(C)C4CCC(C)C5OC1(O)C54C32
4yth_733,CN(C#N)NC(=S)NC1=CC=C2C(O)=C(C(F)F)C(=N1)C1CC2(CF)CC1(F)F
5mge_851,C=CC1CC2(Cl)C1OC2n1cccn1
1fkg_432,CCCCCC(=O)OCCC1CN(C(=O)C=CC2(C)C34CCC(C)(C3)C2(C)CC4)CCO1
1g32_329,CNCC(O)=CC(C)C(=O)C(C)C1=CC2C3OC13CC1CC34CC=C1CC(O)C23CC4
3acx_692,[N-]=[N+]=CCCCCCCCCC12C3CC4C5CC(C(O)C51)C2C43
4b9k_659,COC(C)C(O)CNC(=S)C1CC23CCC4C(C)(CC(O)C5C4(C)CCCC52C)C1O3
5za9_250,C#CC1CC1SC1C2N(C(=O)C(C)C)C(C)(C)C2(O)C1(O)C#CC(C)(O)O
1v0o_703,CC(=CC1(O)C2CCC3(C)OC4(CC5CC4(O)C51O)C3C2)C(C)C#N
4i53_106,C[N+](=O)c1c[nH]c(=CCl)c1=Cc1[nH]c2c(c1CO)Nc1c[n+](CCl)c-2[nH]1
5za9_439,COC12C3CN4C(O)C(CS)(C1C1(CO)C#CC=CC4(C)C1=CN3C)C21CN1
2v2v_574,COC(=O)C1C(COCC(C)C)C2(O)C(O)C3(O)C4CC2(C(C)O)C3(O)C14O
2x00_161,COc1cccc2c1c1n(C(=O)N(C)C)c(=O)c3c4ccccc5c6c7cccnc7c7c(c3c2c(c4c67)C1)N5
6iyk_537,Cn1c(=O)ccc2nc3c(=N)n(c21)N(CCCc1cn(CCc2cn4c(=N)nn[nH]c4n2)nn1)CCN3
5mrp_770,CC(=O)OC1=C2CCC(C)(CC1=O)OOC2(C)CCl
1x8j_701,N#CC1=C2Nc3sccc3C3=CC=CC32[n+]2ccccc21
2r9w_357,CC(=O)NCC(O)C1C2C34C=CC(C#N)(C(C3)C4CCN1CC1CC1)C2(C)C
1em6_38,CC(F)(F)C(O)(CCCC1CCCCC1)CNC(=O)CCNC(=O)NC(C)(C#N)C12CC3CC(C1)C32
4lyw_906,C=CC1C(OCc2ccccc2)C2OC3(C(O)C2C3CCC2CCCN2)C1(O)C(C)C
4x48_29,COC1(CN(C(=O)c2snnc2C(N)=O)C2CCCCC2)C2CC3CC1C32
2y5f_436,COCC12OCC(C)C34CCC56OC(CCN(C)C)C3C5C4C3(C(CNC(=O)CBr)NC13)C62
1o38_464,CCCCCNC(=N)N1C(=N)N2C3CC4C5C3CCC(NC(C)=O)C1C4C52
2wej_632,OCC1CC23CNCC(C2)C13
5oq8_742,CCCCCN1CCC2C3(O)C4C5C(=O)CC4(O)C1CC1C(C=CC4CC4)C3C152
2a0w_214,CC(N)=NC(=O)C1C2COC2C1NC(=O)NC(=N)N
5dey_658,CC(O)CCOC(=O)N1CC2C(NC(=O)OCCl)CCC23C2CC4(C)OOC3(C2)C(C1=O)C4C
2v2v_308,CCC(O)C1C2C3=C(CO)C(NC)C4(O)CC(O)CC2(O)N(CC)CC4C31O
4uxl_279,CC1=C2CC3COC4(CC5CC6CC4CC(C5)O6)OOC(OC2C)OC1(F)C3O
3lea_344,CC1=CC2OC34CCN(CCC5(NS(C)(=O)=O)CCCCC5)C3C2(C)C4(O)CC1
3vh9_29,CC(C)(C)C1CC2NCC21
5n0e_228,CC1(C)CCC2C3CC4CC5(CC(O)(C3)C45)N3CCC2(O)C1N(CC1CC1)CC3CO
3p5l_855,CC(=O)Nc1cc2[n+](C)c(c1)C(=O)C(C(C)(C)C)=C2
3oy0_502,CC(O)C(C=CC1CCC23CCC(O)C24OC3CC4C1)C1CC1
5xvg_689,CC1(C)C(Nc2c(NC3CCC(CN)CC3)c(=O)c2=O)C2CC(Br)C21
3gqz_926,C1CC1CN1CCC23C4CC5COC4C2C5C3C1
2x00_357,Cc1ccc(C2c3cccc4c3C(=O)c3c(n(C)c5ccccc35)CN4c3cc4ccccc4nc32)cc1O
1kdk_634,O=c1cc2c3ccccc3c3c(c(=O)[nH]1)c1c4cccc1c3c24
6a1g_199,O=c1[nH]c(=O)n2c3ccccc3c3c4ccccc(c(CCO)c14)c32
5htz_340,COC(=O)C1(O)C(=O)CCC23CCC1(C)C(C1CC(F)(F)C1)(C(=O)C2)C1CC3C1O
5htz_390,CC(C)C12CC3C(C)C4(C5OC3(CC5CO)C4(C)OC(=O)C1O)C(C)(CCl)O2
1l8g_745,COC1C(OCO)C2(O)CCC3C4CC5CC(O)CC6(OC)CC1C51C6C3(OC(C)(C)O4)C21
2fv5_863,C=C1C(=O)C2=CC(CC(=O)C2SCCCCC(=O)O)C2CCC3CCC(=O)C3(C)C12
5hcy_208,COc1ccc(COC(=O)OC2C3C(C(C)(C)O)C4(C)OOC35C4C(OC(C)(C)C)C25COC(C)=O)cc1O
3dd0_98,C=CCOC(=O)NOC1CCCN2CC13CC2C3
4b3d_42,NC12CCCC3CC1C3C2
2x00_337,Cc1ccc(C#CCN2C(=O)C3=C4c5c(cccc5C5C6=CC=CC=C(N6)N2N35)-c2ccccc2N4C)cc1
1qbo_445,CNC(=O)CCC(=O)NC12CCC3C4(C(OC)CC41)C1OC(C(C)C)(C3(C)C)C(C)(C)C12C
6ffi_451,CC12CC3CC4CC5CC(CC3(O5)S1)C42
5d0c_736,CC(C)COC1C2CC3(CO)CCCN4CCCC3[N+]3([O-])CCC4(C1C)C21CC3O1
5odx_559,C=C1C2CC34OOC5(C)C(C)CSC36CC(CC4C(C)C(=O)NCCOC)C(C)(O)C(OC16)C25
1ai5_319,CC1(C)OC2C(NCCC#N)CC21
1c5n_288,CC1(N)C2C3CCC4C5C6NCC4(Br)C5C1C6C32
1l8g_339,CC(C)CCC1OC23CCC(O)CC(O)C45C(OC6C4OC6(C(=O)O)C1CCC(C)C25)C3O
5xvg_49,COC12c3c4cc(F)cc3C(C3C(CO)C5C3C5(CO)C1c1ccccc1O)C2O4
1v2l_195,CC1N[N+]2(C)CCC12
1l8g_154,C=C=CC(C1NCC2C34CCC5C6C1(OC)C(O3)(OC(C)(C(C)(C)O)OC4)C526)N1CCOCC1
6i3u_21,C=C(C)C1C=C(C(=O)OC)CC2(C(C)=O)C3CC=C4C5(CCC12C)C(OC)OC4(C3OC(C)=O)C5OC
4uja_790,CCCOC12CC1C1C(Br)=C3C4CN5C3CC(CC2O)C(O)(C4C)C15
2ygf_565,CN=c1ncc(NC(=O)Nc2cccnc2)c(N2C=CC3=CC(C#Cc4ccc(C(=O)N(C)C)nc4)=Cn4ncc3c42)[nH]1
5odx_356,CCOC(=O)C1(c2cc(CC)c3c(c2C)C2CCC4C5C6C(OC4(CO)C(O)C6(C)O3)C25C)CCO1
5ouh_814,C=CCN(CC1=C2C=CC=C(N2)c2c1[nH]c1c2N(C)C1)C(=O)CCC
2zq2_360,C#CCCCCC[n+]1ccc(CCC)c(C#CC2(C)[NH2+]C3NC(=O)N2C(=O)C3CO)c1
4b7p_56,C=CCc1cc(C2(CC)C3C4OC(C)(C)C(O)C(O)C4C34COC2(O)O4)cc(OC)c1OC
5f9b_409,COc1ccc2[nH]c3c(cc4c5ccc4c(c4c(O)c(-c6ccccc6)c6c-4c5C(=O)NC6)[n+]3C)c2c1
3td4_484,[N-]=[NH+]CC=CCC[N+]12CNC=C(C1)N2
4xv1_844,CCOC(OC)C1CCN(C23CC4CCC2=C(CO)C(N4)C3OCc2ccc(Cl)cc2Cl)CC1
5ahw_539,CCc1nn2c3[nH]c(=N)[nH]c(c4c3c(=O)n(C)c3c(O)nnn43)n12
3g3n_728,CC12CCC3C(F)=C(OC(=O)CCl)C4(CC1)CC32OO4
6h2z_864,COCC12C(OC)C3C4C5CC6C(C#CC7=CCCNC7)=CC(C65)C41C32
5e28_660,C=CC12C3CC4CN1C(C)(CCC2C4(O)CO)C3
4o07_182,O=C(NC(=O)C(=O)N1CCN(C(=O)C2CCCC2)CC1)NC12CCC3(CC1)CC(C3)C2
1pph_271,CC(=O)N=CC12C3CC4C5C3C1C4C52C(=O)NCC(=O)NCC#CCCC[n+]1ccc[nH]1
1gpn_384,CC1NC2CC3C4C[S+](C)C#CC5(O)C1C4C2C35
2y7z_665,CC1(C)C2C3C4C2C3C4(CNC(=O)C2CC3(CS(N)(=O)=O)C(C)(C)C23Br)C1(C)C
4xt2_81,CCOC(=O)NCC12OC3=C(Cl)C=C(Cl)C=C1C1CCC4(C)OC1(C)C4(C3)C2=O
3gc4_487,CC(=O)NC(C)(C(=O)O)C(=O)NC1CC23CCC(CC(C2)C3)C1C(N)=O
4x5z_326,CCC1(O)C2CC(C)(C(C)(C)Br)CC3(C(=O)O)OC2(NC(=O)OCC(F)F)C31
4x5z_609,COCC1(O)C(Br)C2(CCCO)CC3c4ccc(O)c5c4C1(OC2(F)F)C3CC5
4erf_570,CCOC(=O)c1c[nH]c2c1C1=C3C=C(Cl)C=C(C3)NC=C1C2=NCCCCCBr
3g32_398,CON1CC(O)C2C3C4OCCC4(OC)C3C21
4xu1_145,C=C1C(=C)C2C1C1CC(OC(C)=O)C(OC3C(O)C(NC)C(OC(=O)CC(C)(O)CO)C(N(C)C)C3O)C(O)C12
4s1b_25,CC(=O)OC1C(O)C(CO)Oc2c3c(O)c4c(=O)c5c6c(c(O)c4c2O)C5(OC(=O)C2=CC(O)OC2O3)C1OC1=C6C(=O)C(OC(=O)[O-])=C1
3bgz_572,CC1=C2NC34CC(C1)C(C3)C(C)(C)C2CCC4CCCC(C)O
5odx_626,COCC12C3(C#N)C4CC5CCCCC5(C)C1(OC)CC(C(=O)O)C1(C)C3C4C(O)C12COC(C)=O
2qi1_819,CC1=CCC2C(C)C(NC(=O)CCCCCCCC(O)=NOCC(=O)C3OC45COC34C(C)CCC5C)C(O)C(O)C12
1pph_529,CC(C)CNC(=S)N1C2NC(CNC(=O)CC[N+](C)(C)C)C(=O)C1C1CC3CC2C31
4loy_476,CN1CC2(CBr)C3(O)CCC24C2C(CC21)C(NS(=O)(=O)CCN1C(=O)N(CC(=O)O)C(C)(C)C1C(F)(F)F)C34
5u6j_278,CC1CCC2C(C)(C)C(O)(C(=O)N=CC=CC(=O)CC3=NC(N[N+](C)=O)=NC3)C3(C)CCC14CC21CCC(O)C1(C)CC43
1ppc_438,CC(=O)C12NC(=O)C3(CC(C)=C1C)C1C=C(C)CC3[N+]2(CCCCNC(=O)C[N+](C)(C)CCO)C1
4idn_423,CCNN=C(NN=C(CO)C(=O)O)C1=CC(=O)C2=NN(N)C(Cn3[nH]c(=N)[nH]c3=N)NC(=C2O)C(=O)N1N
1ppc_217,CC(C)=NC(=O)C1CC(CCCC(C)C)N(C(=O)C(=O)N=C(C)NC2C3CC4CC3C42)C(CC(N)=O)C(=O)N1
1qg6_11,CC1C(OC(=O)C=Cc2[nH]c(=N)[nH]c2O)C(CO)OC1n1c(=O)[nH]c2nc(OCCCS(=O)(=O)O)cc3nc(=O)n(c1=O)n-2c3=O
2oax_244,Cc1ccc(-c2nc3c4c(n2)C2=Nc5ccccc5N=C(C4=NC3)c3ccccc32)cc1
2zdn_583,[C-]#CNCC12C(C(=O)NC=O)C3CC4C5C6CC7C(CC=C)C1C6C7C4C2C35
4m8e_671,CCCCC1CC(C)C23CC(C2)C2C(O)(C3)CC23CCCC1C3
2zq2_212,CCCC1=[N+](C)c2[nH]c(c3c2cc(CC[N+]24CC[N+](CCO)(CC2)CC4)n[n+]3C)N1
4ab9_150,CC1(C)C2CC1C2(C)C(N)=O
3p3s_447,NC(=O)C12CC3(C(=O)N=C(N)N)CC=CC(C31)C2(F)C#Cc1ccc(F)cc1
1p1q_537,NCCC(=NN)NC1C2C3C1C1C2C31
3acw_727,CC(C)(C)NC(=O)C1CC=[N+]2C3CC4C5CC3C5C4C12
4gfm_429,COC1C2C3C4CC3C3CC2(CN4)C1C3(Cl)Cl
187l_302,C1C2CC1C1CCC21
3qgw_671,CCNC(=O)OC1CC2CCN3CCC4CC(C2)C3C1C4
4o9v_307,C=C(C)C(C#CCCc1c[nH]c(=N)[nH]1)NC(=O)C(C)CN1C(=O)N(CC#CC)C2=c3ccc([nH]3)=C[NH2+]C21
1m7d_271,Cn1ncc2c1C(=O)c1ccc(NC(=O)C(NC(=O)C(NN)n3ccc(=O)[nH]c3=O)C(O)O)c(c1)CC2
3acw_418,CC#CC1C2=CC(=C(CC)c3c1[nH]c(C)c3C)N[N-][N+]2=O
5ta4_211,CSC(=S)NC12CC3CC45CC(C1)C3(C4)N2C5C(=O)N1CCCCC1C(=O)N1CCN(C)C2CC(O)CC2C1
5nxo_860,O=C(O)C1CC2CCC(C1)C2C=NOC1C2CC3CN2C31
5kby_516,CC12OC3C4CC5(C(OC15)O2)C(Cn1cc[n+](CC(=O)O)c1)(O4)C3Cl
2oor_633,CCC1OCOc2n[n+]([O-])c(OC3OC(CN(CC(=O)O)C(=O)c4nc5c(NC=O)c(=O)n4NC(=N)N5)(C(=O)OC)CC3O)c(O)c21
3k8d_178,CC(C)OC(C)(NC(=O)C(O)C1=NNC2=C(C(C)C)N=C([NH+]([O-])O)C(=NN)N(O)C1=N2)C(C)O
6c0s_146,COCCOc1c(Br)c2c3c(c1OC)C1=C(CCN(Cc4ccc(OC)c(F)c4)CC1)OC(OC)(O2)c1sc(=N)[nH]c1-3
1pph_613,C#CC=CC[NH+](C)CCC#CCNCC1CC12C1C3CC4(C)CCC15C3OC(C(O)C4)C25
6bbx_617,C=C1C(O)C23CCC1(O)C(C)(O)C1CCC2(C)C2CC(OOC(OC4CC(O)C(O)(CO)O4)CC1(O)C=O)C2C3
5sz5_320,OC1CC2(C3CC2C3)C1CN1CC2CCC1CC2
1pph_481,CC(=O)NCCCCCNC(=O)N1CC2CC(C(=O)N(C)C)C(C)(C)C3CC24C1CN34
4o04_311,CN(C)C1C2CCN3CN(C)C14C3C1C(C3CC2C31C)C1CCC14O
5vb7_353,CCCCCCOC(=O)CC1C=C2CC34CCN(CC(C)(C)C)C3C1CC1CC4C2C(C)(C)C1
4u0i_801,CC12OC3CC4N(CC5CC5)CCC35CC(O)C1C4(C)C5OC2OC(=O)c1cc(Cl)ccc1C(F)Cl
4ban_32,CCCNC(=O)N1C(O)C2C3C1C1(CNC(=O)CCC[NH+]=[N-])C(=O)NCC3C21C[N+](C)(C)C
5nk9_824,CCC1C2=CC(CC2c2ccc3c(Br)coc3c2)c2c1c(O)n(C(CO)C(O)CC)c2O
4app_735,C=CCNC(=O)C1CC2C3CC2(CO)C2CC4CCC(CCC13C)(C2)C4C(=O)N1CCC(C(=O)NC(C)(C)C)CC1
4nvp_86,CN1C2=C(Nc3no[nH]c3=N)C(=O)C(=C3SCCCN3N2)N1C
2ojg_646,NC1CC2CC3(CCN4CCCCC4)CC(C1)(C2)C3O
6oqb_288,COC1C(C)(O)C2C(Br)CC13C1CC4CC(C)C(CCC43C)(OC3OC31)C1CCC(C)C(C(=O)O)=CC21C
1em6_721,CCC(C)NCC(O)C(CC1CCCCC1)NC1CC2CC(C(=O)NCCF)C1=C(Cl)C2(C)C
2wyf_91,NNCN1C(=O)NC[N+]2=C3NC(=C(C(=O)NCC(=O)OCO)S3)N=C12
3u8j_326,OC12CC3C4C5C4C4OC36C5C1C426
5u0w_69,OC1C2CC(O)C3(OCC13)O2
3nzk_634,NCCCCNC(=O)C12CC3CC4(CC5C6CC(=O)NC47C5C6C7C3(S(=O)(=O)O)C1)N2
4jsa_646,CC12CCN3CC1C3C2CO
5upf_328,CC(C)C#CC1Cc2c3c(c(Br)c(O)c2OCC(=O)O)C(=NCC3)S1
5tbe_733,CC(=O)OC1CC2CCC(C(C)(C)O)C3(C)C4CCC3C2(C)CC(O)C(O)C1(C)C4OC(=O)CCc1ccc(C(F)F)cc1
4xip_181,CC(=O)OC1CCC2(C)C(O)CC3C4CC3(CCC2C1)C4
4u0i_670,CC1CCC23CN(S(=O)(=O)c4nn[nH]n4)C(CC(F)=N2)C(C)(C2CC2)C1CCc1cc(F)c(F)cc1O3
4o04_468,[C-]#[N+]C12C=C(CC(NC(=O)NC3CCC3)C1)CN1C3CCCN(C3)CC12
1qbu_160,CCCCC12CCC34CC(NC(=O)C(CCC(=O)O)NC(=O)OC(C)(C)C)c5c6ccc(C)c5OC1C23CCC4(OC)C6
2y81_369,CCNC(=O)N1CC2C1C1CC3(CCl)C(O)C4CC5(CBr)CC(OC)C3CC4C215
3lzz_350,N=c1[nH]c(=NC(N)N)c2c3nc(OCCN)n4c3nc(=N)c(ncn4CC(O)CO)c2[nH]1
1f0s_314,COC(=O)C(C)C(C=O)C(O)C1CC2C(=CCC3C4CCC4C23)C2(O)CC(=O)CC=C12
3u8l_46,CC(=O)C1(C)C2C3C4C5C3C(C(=O)NC3CC3)(C52)C41
5aml_199,CCN1C2CC3C4C5C(CC(C#N)N4CCN)C(O)C1C3(CO)C52
5wlo_44,COC1C2=CC34CC(C)(C2C2CC2(C)C(OC(=O)C(N)=O)CC3OC(C)=O)C4C1(C)C=CC(=O)C(C)(O)C1CC(C)C(=O)C1C
4pv5_311,C=c1c2cccc3c4ccccc4c1[n+]([O-])c1ccc4c3c(c2)[nH]c(=O)n4c2c3ccc(C)cc3[nH]c21
3tvc_378,[N-]CCNCCCCCNC(=NC1CCCC1)NC1C2CCCN3C4C5C2C2CC1(C24)C53
5lvl_759,CC1(O)CCCC2(C)OC3(C)C2C1C3(C)C
2q8g_489,NC(F)(F)OCC1CC23c4c5ccc(O)c4OC(C(Cl)(Cl)C12)C31CCN(CC2CC2)C1C5
4agl_232,N=C(O)C12CC3CCC45C(Br)CC3(C4Br)C15C(=O)N2
1xow_245,Oc1cccc2c[n+]3c4ccccc4n4cccc4c(n2)c13
1h6h_99,CN(C(CSCC(NC#N)C(O)O)CC(O)C1(O)Cn2cnc(c2N)CCO1)C(CO)c1cn[nH]c(=N)n1
1bnv_723,CC(O)C=CC12C3C4C(=O)C5OC3C1(N4CC1CC1)C(O)(C1OCCCN1C)C52
4qjw_620,CCCCNC(=O)NC12C3OCC4(OC(NC(C)C41)C2COC(=O)C(F)(F)F)O3
1q8w_475,CNC(=O)N1CC23CSCC1C1C2C(COC)[N+]1(C)C3
6h38_223,CN1CC2(C(=N)NCCN=S)C3C4C5C6C3C2C1(C6CBr)C54
1nhx_92,COC(=O)C12OC3CC1(CO)C(O)(CC=C=C(C)C)CCC(C)(C=CC(=O)C(C)CCl)C32
5ta4_448,CC1C2C3C4C5(C=O)C6CC6C6OCC47C(O)C2(C)C(=O)NCC[S+]([O-])CCCC=CCCCCC1(O)C37C65
3vry_3,CCCCOc1cc2c(c3ccoc13)-c1c(C)[nH]c(=S)c(C#N)c1CC2
1q8u_327,CN1CCC23CCC4(C5CCN(CC6CC6)C52)C2C(NC3)C2C14
3si3_529,CCCCCCN1CC2(CCS1(=O)=O)C[NH+]1CC3(C=CC(=O)N3)C12
2xht_223,CC1(C)C2CCC3C4=NC1(C1CCCN1)OC4C3C2
5vcv_564,CC1C(SC2CNC(n3ccnc3)C(O)C2)=C(C(=O)O)N2C(=O)C1C(Cl)(C(C)C)C2C(=O)O
4ly9_770,COC(=O)C(NC(=O)C1CC2CC(NC(=O)C3CC3(Br)Br)C21)c1cc(F)ccn1
3liw_270,CCCCCCCCCCC=c1c2c(C)cc[n+]1C(=O)NC1C(=[NH+][N])CC(O)C1c1ccc([nH]1)CC=2
6h34_493,CC(=O)C(C)C1C(=O)NC23C4C5C6NCC2(C64)C1C3N5CCBr
4xtx_450,CCOC(=O)C(C)OC1C(OC2(C)OC(C)CC2O)C(O)C2(OC(O)C(C)NC=O)OC34CCC(O3)(OC42C)C1(C)O
2ccc_23,OC1CC2CC3CC4(C2)N2CC5(O)CCN6C5C32C164
4und_366,CC(C)(C)NCC1(O)Oc2c(Cl)c(Cl)c3c(c2OCCCO3)C1=O
3vry_152,C=CC(C)(C)C=CC(=O)c1c(O)c(C)c2c3c1OC(C=C(C)O2)C(C)(C)O3
1e4h_265,CC1(C)C2C3=C(Cl)C(CCl)(C(C(F)CC4(C)C(Br)COC34)C3NC32)C1Cl
2ccc_365,C=C1C2C3C4OC5(C(O)CN1C)C4CC1CC5C2C13
3ryx_445,NC(=O)CCC1(C(N)=O)C2OC(Cl)(Cl)C2(Cl)C1(F)F
2vnt_113,C[N+](C)(C)CCN=C1NNc2c3[nH]c1c2C=C(Br)C(C(N)=O)=[N+]3[O-]
1zog_139,CN1CC(C(=O)O)C12C1CC=C3CCC3(C)C3C4=CC(C4)C1C(Cl)(CC2(F)Cl)C3Cl
5a5q_173,C=C(C)NC1C2CC3(O)CC45C(C(=O)O)C2C3C4C15
3rf4_484,CC(=CC=CCNO)C(F)=CC1(C)OC23CC(C)(CC(O)C2=O)C13
5a5q_45,C=C(N)C1NC2CC3N4C5CC(C14)C(CC25)C3(C)O
4ly9_855,C=C1C2OC3C(C(=O)NC(CBr)C(=O)N=c4nc(C5(F)CCC5)[nH]cc4Cl)C1C23C(=O)OC
6oqb_127,CC(C)C1CC(O)C2(C)C3OC4(O3)C(=O)CCC(C)(C)CC4(Br)C3CC4(C#N)C5(O)C(C)OC(C)(C)C5C24C13
4ih7_751,C1CCC(N2CCC34CCC5C2C3CC54)C1
5uex_579,COc1cc2c(Cl)c(Cl)c3c(O)c4c(O)n(C)c(O)c4c(C(C)(C)C)c3c2c(OC)c1OC
3fsj_316,CCC=CC=CC(=O)OC1CC2(OC3C(OC4CC(O)C(O)C4O)C(C)(O)C32O)C(O)C1(O)CCC=C(C)CCC=C(C)C
5lli_680,C=c1c(O)c(C)c(O)c2c1=C1C=C(CCCN1CCCCCCN1CCSCC1)C1(NC3CCCN31)O2
6ex1_656,C[N+]1(CCCN2C(=O)NC34CCC2(CC3)N(C(N)=S)C4)CCCC1
4ih7_427,C=C(O)CC1C2CC3C4CCC5(C1CC35)C4C2
3o84_13,CCOC(=O)c1sc(NC2NC34CC5CC3(C)CC24C5)cc1C
1m48_124,C=CCNC(=O)C(=O)C1C2C3C[N+]4(C)C3C(C)C(C(=O)NC(C)(C)C)C3CC1(C(N)=O)CC324
4elh_863,CC(C)=CCCC(C)=CCSCC1OC2C3C(O)C4C5(O)CCN(C)C(O1)C2(O)C(C)(C35)C4(C)C
4y2q_293,CNC(=O)C1(Cl)C2OC1C2(Cl)Cl
5ehw_179,CC(C)NC12CC3CC(CC(F)(F)C1)C32
3u8k_353,CN1CC2C(C#N)C(C(=O)N=CC(=O)O)C21
3si3_36,C=CC[SH](=O)(NC(N)=NC(=O)C1=C2CC(C)(C1)C2(C)C)N(C)C
6ex1_572,C=CCN1CCC2C3C4C5CCCC6(CO)CC3(O)C(C24)(C51)N(C)C6=O
5l7h_649,CC1C2(O)CC3CC(C2)(CC24CCC(CC15COOC2C5)C(C)(C)CO4)N3C
4dbm_165,CCOC(=O)N1CCC(OC(=O)NC2C3CC=CC4CC2(C(=O)OC)C43)CC1
5t8o_690,CC12CC3C(C=O)C45OC1C3(C)C(O)C(O)C2C4CC5(C)C
1pro_635,CC(C)CC(NC(=O)C(NC(=O)OC(C)(C)C)C(C)C)C(=O)NC(C(=O)NC12CC3CC4CC(C1)C3C2O4)C(C)(C)C
4dfu_105,CC12OC3(O)C(O)C45COC(=O)C4(C)C3(O)C5(ON)C1(O)C(O)C2(O)CNC(=O)C(C=O)NO
5t8o_702,COC1CC(O)C2C34CCC(C(C)OC(C)C(O)C3C)C12O4
5nvx_872,C=C(F)CN1CCC23c4c(O)ccc5c4C14CCN(CCC1CCN(CCO)CC1)C1CCC2(O)C13C4C5
4pv5_876,COC(=S)N=c1ccc2c3c4cc5cc6cc(c6[nH]1)c5c4n2C1Cc2[nH]c(C(C)C)cc2C1C=C3
2wk6_211,CNC(=S)N1C2CC(Cl)C23CCN1C3
1gpk_460,CC1C2C3C4C5CCC6C4C(CN3C(=N)N)C16C52
1tlc_133,CN1N=C2NC(=NCC(=O)Nc3ccc([N+](=O)[O-])cn3)NC(=N)N=C1N2
6fe1_796,CC(C)OC(=O)C(C)(C)NC(O)C1C2C=CC2C1C(=O)Nc1ccc(C(F)(F)F)nc1
4ogj_304,C=C(C)C(NC)C(O)C(C)CCC(C)C1C(=O)C23CC4(C=C(OC(=O)CC(C)C)C42)CCC(O)C3(C)C1O
1lpk_392,C[N+](C)(C)CCNC(=O)C1C2CCCC3C4C1C2C1C3C2(C(=O)O)C(O)C4C12C(=O)O
4p3h_410,C=C1C(O)CC(O)OC1CCC(=O)CC1CC2(C)C3CCC(C3)(CC2(C)CCC=C(C)C)O1
6oqb_479,C=C(C)C1(C)C2C3C4CC56CC78CC(C)(C)C(SCl)C5OC5CN(CC5(C)CC7(C(O)C4C(C)(O6)C2O)C8(C)C)C31
5l7h_161,CC1CCC2(C)OOC34C5OC26CCC2C5C(O)(OC2(C)C)C6CC3C(C)(C)C14
3rlr_681,CC(C)n1c2cc(F)c(F)cc2c(=S)n1NC12CC3C=CC1C3C2
4dbm_103,COC1C2C(CC3(OC)CC14CC3C4)C(C)(COS(C)(=O)=O)OC2(C)C
3u6i_87,O=C1C2=CSC3NC(C=C13)C(c1ccc(Br)cc1)C(SCCCSCc1coc(=O)[nH]1)=N2
4e4l_681,C=CC1CC(=O)C2(O1)OC1CC=C3C4C5C(CC15O)C3(SC)C42
1fkh_659,COc1cccc(OCC[N+](C)(C)CCOc2cc3ccc2-c2cccc(n2)C(C)C3C)c1
5l8c_916,CC(C)(C)C1CC2C3(O)C1C14CCN(CC5CC5)C5CC5(CC(=O)O)C21CCN(CC1CC1)C34
4app_528,O=C(NC1CCCCCC1)NC1Cc2c[nH]c(c2)CC2CCCC21CS(=O)(=O)N1CCC(N2CCCCC2)CC1
1qpb_143,C1OC2CNC12
5tpx_212,CC1(NC(=O)CSc2cnc(C(N)=O)s2)CC2CC3CC(C3)(C2)C1
1hi3_376,N=C1N=C2N(CCOC(=O)Cn3[nH]nc3C(=O)O)N=Nc3c(c(NN)c(N)c(=N)n32)N1
6oqb_25,CC1C(=O)C2(C)C(C)C1(C)C(O)CCC1OC=C3COC4C(Cl)C(O)C(C)(C)C25OC3(C2CC3C(C)(C)C13C42C)C5C
4djy_88,CC(=O)NC12CCN3C4C5NCC(C(=O)N6CCCCC6)(C1)C3C4C52
1d4p_470,CC=CCNC(=O)N(C)C1C2CC3C4CC5C32C1C1CC(C4O)[N+]15CC
5ueu_450,CC(Cl)N=CC1=COC2=Nc3c([N+](=O)[O-])cc(N4CC5COC(C5)C4)c(c31)C=C2
4pv5_811,C#CC(C)=C1CC2(O)Cc3c(c(C(C)C)nc4c5nc(c(c6ccccc65)c34)C2c2ccccc2)N1
1msn_342,CC1CC(O)C2C3CC(=O)CC4(C(=O)NCCCNCCCCN(C)C)CCC5C(CCC2C14C)C(O)CCC53C
4e4l_737,COC1(O)C2C3COC45CC(C)CCC6C(C)C2C(C63)C(C4O)C15
4a6l_720,CC1(F)CC2(C(=O)N=C3CCCC3)C3CCC4(C5CC6CC5C4C62)C1C(C(N)=O)C3
3gnw_69,CCCC(=O)OC1CCC2(C)C3CC(O)C4(F)C(CCC3C(C)CC3OC5OC(C(C)C)CCC5(Cl)C34C)C2C1(C)CO
5uln_640,CC(=O)C1C2(CN=c3cc[nH]c(=N)[nH]3)CC3CC(C)CC1(C3)C2
4yzu_66,CCC(C)C(OCC(C)C)C12CC3(O)CC(C(C)C(O)C(C)C1=O)C32
3e93_223,C=CC=CC(C)CCC(C)C1(O)CCC23C4OC2N2C(=O)CCC5CC6(CCC5C2CC4O6)CC13C
3ebp_726,CC1C(C)(C)C2(O)CC3(O)C(O)C4(C)C5CC2C14C(C)(OCl)C(C)(O)C53C
5hcv_248,COC1CC2CCC3CCC1(CC2)C1(C)CC(O)C(Br)=CC31
2pgj_83,Cn1c(=O)c2c3sn(c4c(nc5n4C(=O)NC(N)N5)c4c2c1c1nc2c(=N)c(=O)n(O)c2cn14)C(=O)NC3=O
4j8t_751,CN1C(=O)c2cnc3[nH]c(-c4cccc5c4C(=O)NC5=O)cc3c2-c2cccc1n2
4arb_214,CCS(=O)(=O)OCCC1C2(C(=O)O)C3C4C5C6CC57C4C3(O)C17C62
1j4r_752,CC1(C)Cc2cscc2-c2c1ccc1ncnc(N3CCN(CCCCC=NCCCCN(CCCl)CCCl)CC3)c21
4x6x_615,CCC1=C2C(CCNCCCOC)=CC=CC3=C4C5=C[N+]6=C(C7=C2C(=C1)C=C7)C4(O)C(C5)CC6=CC=C3
4z2b_46,CCN(C(C)=O)C(C)C1OC23CC(O)C4(C)CC5(C)C(O)CCC5C1C(OC(C)=O)CC2C4(C)C3
5n49_395,COC(=O)C1C2CC3CCC4C(C)(CC15OCCO5)C1CC(C1)(O2)C4(C)C3
6d5j_915,CC(NC1C2=CC1C1C3C(C2)C2CCC2C2(CC12)C3(F)F)S(C)(=O)=O
6rj6_714,O=C(CCCN1CCN(c2cccc(O)c2-c2nc[nH]n2)CC1)NC1C(C(F)F)CC2CC3CC1(C2)C3
1jgl_4,O=c1c2ccc3c4ccc5ccccc5c4[nH]c3c1nc[nH]2
1m48_563,CC[n+]1cc(C[S+](C)[O-])c2cc1C(C)(CC)C1C(C)C(=O)N(CC(=O)NC)CN1C2=N
4z2b_481,CC(C)=CCC12CCC3(OC4OC5OC6(CC4O)C3C1(O)C56OC(C)C(C)(C)C)C1C(C)CCC12
2cf9_375,CC1CC2(O)C[N+]3(C)CC[N+](CCCC(=O)O)(CC3)C1C1C(C)(CCO)C2CC[N+]1(C)C
4nkw_641,N=C1C=CC(=C[n+]2ccc3ccc4cccc5c3c4ccc52)S1
6chp_42,CCCCCC(=O)OCc1c(O)cc2cc3c4c(c(=O)c2c1O)CC1(C)CC4(O3)C1(C)C
5mwh_730,C=C1C(=O)C23CCC1C(CCC(C)(C(=O)OCC)C2)C1OC32C1C2(Cn1cc(C(=O)O)cn1)OC
6h36_869,CCN(CC)C(=O)C12CCC(C)C3C4(O)CCCN5CC3(CC14)C5C2
5za8_274,O=C1NCSC1COC1CC2C(O)C13C1C4C(O)C25OC(O)(C15)C43
2oxd_441,CC12CC1(F)CC1C3NC4C3C(O)(C(F)F)C2(C)C(Br)CC1C41CCC[N+]1
1add_132,COC(=O)C1=Cn2c(=N)c(C(N)=O)c(n2O)SC1=N
6dj2_241,C=CCCC(NC(=O)CNC(C)=O)C(=O)NC(CC(C)C1C2C3CC2(C3)C2C(C(=C)C)CCC12C)C(=O)C(=O)NC1CCCCC1
4a9c_649,CNCCNCC1(O)C2(CC=C(C)C)CC(O)C3C(C)(C)C(O)C(CO)C4(O)CCC(C)C4(C(O)C(C)(C)O)C1(C2=O)C3(C)C
5cu4_799,CCCCNC(C)=NCCCNC(=O)C(N)CCC1CC23CC(CC(Br)(CN1)C2)C3
4w9o_126,C=CCC(Cl)CC1C=CC2(CC2)OOC1(OC(=O)Cn1ccnc1)C12C3C4(C(=O)O)CC(C31Br)C42C(=O)O
4xty_41,N=c1c2ccc(Cl)cc1c(-n1c(=O)c3ccccc3n(CCOC(=O)C(=O)C(=O)C(O)NCC(=O)O)c1=O)c(O)[nH]2
1f4f_588,CCOC1C=C2NC(=O)C(C3=CCC(OCCCN)C(CN=CN=C(N)N)C23O)C1C
4tx6_561,CC1C2OC13OOC2(CO)CCC3c1ccoc1
3qtv_590,CC[N+]1(CC[N+](C)(C)C)CC2C3C4(CO)C5C4C4C(C)(C5C43C(=O)O)C21
6nyv_664,CC(C)C(=O)NC1CCCC2CCc3c(c(O)n(c3O)C3CC2C3)OO1
3dd8_862,CCCN(CC)C(=O)n1c(C)nsc1=NC(=O)C12CCC3(O)CC(C1)C32
6cwh_43,N#CCCn1c2c(=O)[nH]c(=O)[nH]c2[nH]c2nnc1[s+]2[O-]
1c5s_481,C#CCNC1C2CC3C4CC(C32)C41
4bny_8,CCSC1=NC2C(OC)OC3CC4(C3)C3CC2C2C1N4C23
4a6l_32,CC1CCC(NC(=O)C2CCC(C)N2C(=O)C23C=C4CC(C2)C4C(Cl)C3)CC1
5za8_498,N#CCC1(O)NC(=O)C2C3C=C(CO)C(OC4C(CO)C5C=C(O3)C54)C21
6cn5_475,COC(=O)C=C(C)CC(=O)OC1C(C)CCC2C1C13C(C)CC24C(CC4C1(C)C)C(C)CC3O
5sz0_672,CC(C)=CC12CC3C4C1C1C2OC4(C)C31CO
5x74_9,CCC1(C)C(NC(=O)C2CC3CC4CC(C3)(C2)O4)C(C(=O)Nc2ccc(Br)cc2Br)C1C(=O)O
5ult_9,CCCCCOC(=O)NC(CC=CCCCC(=O)O)C(=O)C1CC23C=C(N(C(C)=O)C2=O)C2(CCC2O1)CCN(C)C3
1k4g_469,N#[SH]=C(NN)NCCn1c2c(O)n1CCCCCC2
6mvh_550,C=CCCCC1OC2C1OC21C(O)CC(O)C(OC2OC(CO)C(O)C(O)C2O)C1(C)C
4epy_401,C[N+]1(CCC#CC#CC2=CC3NC(O)C4CC5C2C4C35CCO)CCCC1
3dnd_414,CC(=NO)OCC12CCC3CC(C1)C32
5bns_51,CC#Cc1[nH]c(=NCCCN(CC)CC)c2c(sc(=O)c3cccc(Br)c32)c1O
4qev_811,CC1CN(c2nc(C3CC3)nc(N3CC4(N(C)C)CCC34)c2F)Cc2ccsc2O1
2avo_374,C=CCN1C(=O)C2C3C4C5CCC1(C(N)=O)C2(C(=O)NC(C=O)CCCNC(=N)N)C3(C(=O)NC12CC3CC(CC(C3)C1)C2)C54
2v59_133,CC(CO)CC1CCC23Cc4c(O)oc(c4O1)OC2OO3
5n0d_613,CCCCN1C(C)C(=O)C23OC4(CCC(C)(C)C42)CC3C2(O)C(O)CC(C)C(O)C12
5vd0_81,C=C1C(O)C2C(OC(=O)C(C)CC)C(C)(O)C3=C(C(O)C(OC(=O)CCC)C32C)C12CC(OC)C2=O
4kif_719,CC(CC1CC1)N1CC2NCC21
4xk9_48,COc1ccc2[nH]c3ccccc3c(=O)c(=NC(=O)N=C3Nc4ccccc4C4=C(c5ccccc5)n5c3c(c(=S)c3ccccc35)C(=O)O4)c2c1
1bhx_773,C#CC(NC(C=O)C(O)O)C1=[N+](CCC=N[NH+]=[N-])C2=[N+](C)c3ccccc3C(=O)C2=C2C=CC=C1N2
1enu_389,OCC1C2C3CC4C3C(O)C1(O)C42
5kad_282,CNC1C2C3C4NC5C(C(O)O)C6C5C5C(C13)C(C42)C65
1utj_201,CC1CC2(O)CCC12
2erz_562,CCC(=O)NC12CC3C4C5CC1(O)C1C5C(=O)C2C3C41C(C)=O
5am6_42,CNC1C2CC3(C(=O)NC4CCCCC4C1(C)C3Br)C2(O)CN
2pqz_500,COC1(OCC[N+](C)(C)CCCNC(=O)C[N+]23CCCOC2C2CC4(CC3)CC(C4)C2(C)C)CCC[N+](C)(C)C1
3mdv_449,C=CC(C)(OC(=[N-])OCCC)C1C=CC12C1C=CC3C(C)C2C31Cl
2qd8_165,C#CC=CC=CC12CC3(OC(C(=CC)C(=O)NC(C)C)C(OC(=O)CC[N+](=O)[O-])C31O)C(OC(=O)C(C)C)C2(C)C
4epy_227,C=C1C2C3CC4(C(=O)NC)C1C1(CC(NC=N)(CCC1C(C)(C)C)C2O)C34
1owb_653,CC(=O)NCCC(=O)OCn1c(-n2c(=O)c3ccn2c(=O)c3C(=O)OCc2nnn(-c3cc[nH]c3)n2)c(C(=O)N=C(N)C(N)=O)[nH]c1=N
5btx_316,CN(C)n1c2c3c(=O)c(=O)nc1onc-2c1c([nH]c(=N)n1C)n3O
3jq9_211,CC(C)(C)CC(O)C12C=C3C(CC(O)C1O)OC3(C)OO2
4kwf_455,CC1CN(C=NC23CCC4CC(C2)C43)CCO1
1ype_370,CC(CCN1CCN(C(=O)N2CC[N+](C)(C)CC2)CC1)NC(=O)C1(C)CC2(C)C(=O)NC12
5am6_386,CC(C)C#CC1(C(=O)O)CCC23CN4CCC5C2(O)C4C(C(O)C1(C)O)C53F
2erz_188,CC#CC(=N[NH+]=[N-])C1C(=O)C2C(C(C)O)C3C1C21CCN(C)C31
5k0m_108,C#CC(O)C1C2CC13CC[N+]2(CC#CC)CC1(C(C)C)C3C(C(=O)NBr)C(=O)N1CO
4xiq_11,CC1OC2CCC1(O)OC1CC34CCC5C(C3)C(C4C2)C5(C=O)C1
6fo5_37,COC(=O)C1=C(C)OC2CCC(C)C3=CC4C1(O)C1(CCC(C)C1OC(=O)C(C)NC(=O)CCC(=O)O)C324
3s2v_441,CC=CC=COCC1(OC2OCC(O)C(O)C2O)C=C2C3C(=O)C2(OC)C3C1
3s75_543,CON1C2CCC2C1(C)O
4pmm_587,C=C(OC(=CC)CC(C)(C)C1OC(=O)C1=C)C1Oc2cc(co2)CC2OC3OC2(COC(C)O)C31
5lsg_774,Cc1ccccc1N=C(N=C1C2=NC(=Cc3cccc1c3)Cc1cccc2c1)Nc1ccccc1
2qm9_757,CCNC(=O)OC1OC2(C)CCC(C)C(CCC=C(C)C)C3OC2(O)CC2(C)CC13O2
1zoh_503,C=C1C2C(=O)OC3CC45CC6C(CC4C3C6C2C(Br)=CC1C(Cl)(Cl)Cl)O5
3hb4_780,Cc1cc(=NCCSC(C)(C)C)[nH]c2c1ccc1c2[nH]c(=O)c2[nH]c3ccc2c31
1zoh_676,CC1(F)CC2(Cl)C3(Cl)CC45C1C(C#N)(CCCC34)CC(=NS(C)(=O)=O)C52Br
1c1u_216,NCCNC(=O)NC1CC2CC3C2C2CC4C(C13)C1C2C41
6chp_795,CC1CCC2C(OC(=CC(O)C(C)(C)O)CC3CCCCC3)C3C4(C)CCC1C23OO4
5acy_880,Cc1[nH]c2c3c1CC(C)(C)C1CCC24CCN(CC2CC2)C(C4)C(=S)N1C(CCCN)C3
2h4k_405,CC(N=[N+]=[N-])C(C)NC1C2CC3(N=C(N)SC4CC4)CC1(Cl)C23
2aj8_628,O=C(CNC(=O)N1COC2OCCOC21)OC1CC2CC3CN(C1)C23
1ogx_512,CC1CC2(C)COC(C)(C)C(C)(O)C(C)C13CC2C3
3twd_257,OCCON=CCCCSC1CCC2(O)CC3Cc4c(O)ccc5c4C1(CCN3CC1CC1)C2C5
2weq_528,N=c1[nH]c2c3cnc4cc(S(=O)(=O)O)ccc4c(c4cc(O)c(N=Nc5ccc(S(N)(=O)=O)cc5)c(O)c34)c2[nH]1
1fby_756,CCCCCCc1=c-c=c2c3ccccc-2-c2nc-1c2C=CN3
1km3_528,NNNC1=NN2C(=O)C(=NCCO)C3=NC2(C1)N=C(N)NC3=O
5am7_627,CC(C)(C)OC(=O)NC1C2C(CO)C3(O)CNC4CC1C43C2CBr
2j2u_408,O=C(O)CC1C(Br)CC2(O)C3C4C5C6C3C5C1(CC(=O)C(=O)N1CCC1)N6C42
5i29_3,COC12CCC3CN(C)C3C(CO)C3CC14CCC3C4C2
5sz3_840,CCC12C(CCC1C(=O)OC)CC1CC3C1CC(O)C32
2j4i_291,C#CC[N+](C)(C)CCN1CCN(C(=O)N2CCC3=C4CC(OCCOCCF)C4Oc4c(O)ccc(c42)N3)CC1
2vw5_312,N=C1c2c3c4[nH]c(c5c2C(=Nc45)NCCN1c1ccc(-c2nc4c(ccc5cccnc54)[nH]2)cc1)=CCCC3
6fgg_630,C=CCN1CCC23C4NC5C6C(C1CC(C4CC(N)=O)N(CC)C62)C53O
3vha_274,CNC(=S)SN1CCC23CC(CC1)(OO2)C1(CCCC(C)CC1)O3
2qd6_7,CCC1(O)C2C3CCC(C=O)C4(C)C1CC4(COC(=O)CCCN(C)C)C1(C2O)C(OC(=O)CN(C)C)C(C)CC31C
6dum_66,CCCCC(=O)OC1C(O)(C(=O)OC)C2(NSCC(=O)O)C(=O)C3(OC)C(O)C4(O)OC13C(OC(=O)c1ccc(O)c(O)c1)C42O
4cwq_324,CC1OC(OC2CCCCCCC(C=O)C3C4CC(=O)N4C23)C(O)C(O)C1O
3lf0_280,N#Cc1c[nH]c(=Nc2nc3n(C(O)C(N)CSc4ccc(Cc5nn[nH]n5)nn4)c2N=CNC3=N)[nH]1
5ipc_780,C=C1C2C3(C)CC4(O)OC(CCCCO)CC2(O)C3(COC2C(O)C(O)C(O)C(C)(C)C2CO)C14CO
6cpa_85,C=C1NCC23OC2C(CO)OC2CC(O)C1Cc1cc(OCCCCCCCNC(C)=N)cc2c13
3mf5_625,CSCCC1(C)CC23C=CC(C(CC2)C2(C)CCCCC2(O)C3)C1(C)C
2vkm_587,CCCC(NC(=O)C1C2C(CC)C(C)(C)C2C12CC1CC2C1)C(=O)C(=O)NC1CC1OCC1CCC(=O)NC1C=CCC(=O)NC1CC1
6fmc_423,C=C(C(C)CC)C(CC)NC(=O)C(O)C1CC2C(NC(=N)N)C1C1CC3CC4N(CC5CC5)CC35N(CC1C(=O)O)NC245
2z4o_140,COCC1(COC)C=CC(C(=O)OCCCCC(=O)OC2C(C)C(O)C(C)C34C5CC6C3CC4C5C2C6(C)C)C1O
3wz6_508,C=CCNC(=O)C12CC3(CCC1C3)C2C(=O)NC(CNC(=O)C1CCCCC1)CC(C)(C)C
4h3g_711,C=C(C)C(O)C1CC23OOC4(C1O2)C(OC(C)(C)C)C1C2OC(C)(C)OC2C(C)C13C4O
3ml2_475,CCC1CC2(OC)CC34CN5CCCC5C=C(C13)C2(OC)C(OC)C4(O)CO
4xk9_158,O=C1c2ccccc2S(=O)(=O)NC2c3cccn(c(=O)c4c5c6[nH]c7ccccc7c6c6c7nc(cc6n5ccn3-4)C=CC=C7)CC=CCCC12
1m7y_95,CC(=O)C(N)(NC(=O)C1NC2CCC21)C(=O)NC(C(=O)NCCCN)C(C)C
5bns_571,CCCCC1(O)c2c3ccc(OC)c2OC2(C)C(O)C(Cl)CC24CCN(CC2CC2)C(C3)C14
2p16_127,CCC(C)CN1C(=O)N2CC3C1CC1C4C=C2CC4OC2(CC14CCCCC34O)OC2OC
4gue_209,N=c1[nH]cc2c3nc[nH]c4ncn(CC5Cc6cc(O)ccc6O5)c4nc(c13)C(=NO)NN2
4cwq_574,COC1CCC23CC4C5(O)CC(N(C)C)C4(C5OC(=O)C4CCNCC4N)C2C13
1xh4_491,O=C(NCC1CCN(C2CCOCC2)C1)C1CC(O)C(CNC(=O)C2CC3(O)CC4CC(C4)(C2)C3)C1
6e8z_359,Cc1c(OS(=O)(=O)O)c(=O)c2c3cc(OS(=O)(=O)O)c(c2c(=O)c(N(C)C(=O)CNCCO)c2nc(N(C)O)n-2c1=O)OC3N
5lji_247,CCCCCCCC(=O)OC1C2OC3(OC(CO)C(O)C(O)C3O)C13CC(O)C2CC3O
1qbu_127,CCCCN(C)C(=O)C1C23CCC4C5CCC(O)(CCC(O)OCC)C1(C)C(C(C)C2CC43)C5C1CCC(O)C1(C)CO
2j34_701,C=CCCC1C2C(C3CCCO3)C(O)C3C4OCCC45COC4C(C2C5C43OC)N1C(=O)Cl
3q6w_477,CCCC1CC2C3(CO3)C34CCC2(C(=O)NCCCN2CCN(C)CC2)C2(C#N)C(C3)C(O)CCC1(C)C42
2wtv_839,COc1cc(OC)c2c(c1)C(C(F)(F)F)C1=C(NCO2)Nc2cc(NC3CCCCC3)cc1c2
4ty6_750,CC12CC=CC3CC4(NC(=N)N)C1C1C(C2)C3(C(=O)NCCCCCCN2CCCCC2)C14
5x74_559,C=C(C(=O)NC)C1CCC(C)CC1C(O)C1OCc2ccc(cc2Br)CC1OC(=O)NC(C)Br
1u7t_253,COC12C(O)C(C)(C(O)N=CC3OC(O)(COC(=O)C(=O)OC(C)C)CC(O)(COC(C)=O)C3[N+](=O)[O-])NOC1C1(CO)OCC12
5jfu_294,CCCCCCCCCCC(=O)OCc1nc2ccc1CN(C(=O)C=CC1OC(=O)NC3(CCCC3)NC(=O)CC(C)=NC1=O)CCC2
6g2l_57,CCC(N=c1[nH]c(=N)[nH]c2c3c(C(O)CO)nc(c1-3)N(CN=C(N)N)C(c1cscn1)=N2)c1ccn(C)n1
3o9a_666,CCN(CC)CCCCC(N)C(=O)COCC(=O)N1CCCCc2[nH]c3cnc4c(c3c(=NC3CCOCC3)c2-4)CC1
2pgj_237,COC(=O)C12OCCOCCNCCOCCOCCOCCNC(NC1O)C(=O)NCc1onc2c1O
1u7t_198,CCc1nc(C(N)=O)c(N)n1CCn1[nH]c(=NC(=O)c2ccsc2CN)n2c(=O)c3c(nc12)N1C(=O)NC(=O)C(=N3)N1CCC(N)O
4j7d_924,Fc1cccc(F)c1C1=CC2CCC(C=NNc3ccc4cc3C3CC=C4CCN(CC4CC4)C3)C2C1
5nki_729,CCOC(=O)c1c2c3n(c1O)CCC1(CN(CCCF)C3(C)C)SC(=NC(=O)OC(C)C)NC1=C2
4qnb_186,CCCCCCCCC#CCC([O-])C#[N+]C1CC2Cc3ccc([nH]3)CCCC1C21CO1
4luz_172,CSc1ncccc1C(O)C1CCC(C(C)OC(=O)C(NC2=C3C4CC(C2)CC3C4)C(C)C)CC1
6gjn_130,C#CCN1c2cc(C)c(Cl)cc2S(=O)(=O)NC(=NCCCC)c2ccc1c(N(C)S(=O)(=O)CC)n2
3str_282,COc1c(CC=C(C)C(C)O)cc(CCl)c2c1C(O)C1C(C)C3(O)C(=O)C(O)(OC(=O)CC(C)C)C4(CC1C4(O)C3OC)O2
3gcu_204,CC(=O)OC1CCC2(CO)c3c(O)c4c(c(CC=C(C)C)c31)OC(=N)C(CC=C(C)C)C(=CC2C)C4=O
3f7g_394,C#CC[N+]12CC[N+](CC3=CC=C(CCCNC(=S)NCCC)[n+]4ccc(O)c3c4)(CC1)CC2
5t9w_491,COC(=O)C(=C1C2=Cc3[nH]c4ccc(C)cc4c3C(=NC(=O)NC(C)C)NC1=C2)C1NS(=O)(=O)N(C)C(=O)N1C
4zo5_725,CC1C2OC(C)(C)OC2C1(C)COC1C2=NC3CC(C2)C(COC(=O)CN2CCCCC2)CC1C3
2wed_533,C=C1CC1C=CC=CC=CC1C(=O)C(CO)CC23C(O)N(C4=C(C)C2(O)C(C)(C)C42C(C)C=CC4OC(OC)C42)C13
4jfk_651,N#CC(NC(=O)CCC(=O)N1CCSC1)OCc1c(CN2CCOCC2)cc2c3c1CN1CCCC(C3)C2C1
6fs0_150,C=C1CCCCCC(C)C(O)C(C)CCC(=O)OC(C)CCC(C)C(C)CC2OC(CC(C)OC(=O)C(=CCl)C1)C13CCC(C1)(OO3)O2
2q64_726,N=C(N)c1ccc2c(CCNC(=O)CC3CCC4(CC3)CCN(CC35CCC6(CC(C6)C3)C5CN)C(=O)C4)[nH]nc2c1
1k1i_372,C=CC[N+]12CC(CN=C(O)NCCNC(C)=O)N(CC1=C(C)C[N+](C)(C)C)C(=O)C13CC4C(CCC41O)C32
5i3y_96,CCCCCCCCCC(=O)OC1CC2CC(O)C3(C)C4CCC5C(C)(CC(=O)O)C(C)(C)C(C)(C(Cl)CCC53O)C14C2
4w9l_112,CCCCCCCCNC1NC(=O)CC2(C)C3CCC45CC1(O)C(C)(C4CCC25)C1(C)C(=O)C(=O)NCC1C(=O)C3=O
6fs0_307,O=[N+]([O-])c1ccc2c(c1)Oc1c3cc(O)cc1C(CC1(CCCCC1)O2)C1C2(CCOCC2)OOC1(C1CC2CC4CC(C2)CC(C4)O1)C3
5dy5_157,COc1cc(C=CC(OCCCN(C)C)C2=C(O)OC3=CC4=C2OCc2cc(C)oc2C4O3)cc(OC)c1OC
1kzk_62,COCC=CN(C)CCCN1C2=CCCC3c4[nH]c5c(c4CC(O)(CC4C6CCCCC6C4C5)C23)C(C(=O)O)C1CO
2q64_719,CC1=CCC23CCc4[nH]c(=NCCCCCNCCN=C(N)N)ncc4C4(C2)CC25CC6C1(O)C2CCCC(C4C)C635
2avs_475,CC(C)CC1NC(=O)NCCCC(=O)NC(CCCC[NH+]=[N-])C(=O)N(CC=CC23CC4CC(C2)C43)C(=O)C(CC(=O)O)NC1=O
1sdt_544,CCCC[n+]1cc(CCC2CCC(=O)N(C)NC(CCCN=C(N)N)C(=O)NC(CC(C)C)C(=O)N2)c2cc1NC(=O)C=C2C
6fs0_36,Cc1onc2nc3c(nc12)CC1CCC2C(C)(C)C4CC(c5nnc(C(C)(C)C)o5)OCC5(C)CCC6C(C)(CCC2(O)C6(C)C3(C)C1)C45
2bak_600,CC(C=CC(OCC(=O)OC1CC(=O)C2(C)C3C4=CC(O)C(C3NC4=O)C12C)C(C)C)=CCOC(=O)CCC(C)(C)C
3i6o_85,CCCC(=O)OC1C(O)(CC)C(=O)OC(CC)C2(C)C3(C)CC4OC42C(=O)C2(C)C(CC=C(C)C)C1(C3C#CCOC)C2(C)O
2zn7_203,CCN(CC)C(=O)CC1(CC)OCC2CC(C)(C(=O)C=Cc3cc(C(C)(C)C)[nH]n3)CCc3c(C)c2c1c(F)c3O
1lpg_557,CCN1CCc2cc3c(c4c(C)c1[nH]c24)CNC(=O)C(CCCCCC[N+](C)(C)CC)C3(O)C#CC[N+](C)(C)C
5jfu_480,COc1cc2c(CC(C)=O)c(OC)c1C(CCC(=O)NC(C)(C)C)C1CC2NC23C4C(C(=O)N(C)CCN(C)C)C(O1)C2(C(C)(C)C)N43
3d91_497,CC(=O)OC1C2C=CC23C(C)CC(CC(N)=O)OC12C1CC(CC(CNCCCCNCCCN)C(C)C)CCC4C1(O)C3C42C
5t9w_802,C#CCCC=c1c(OC)cc(O)c2c1=CCNC(=O)C(C)CC(O)C1=C(C2)C(C)=C(O)c2cc(c(C)[n+](C)c2)C1=O
2gv7_417,CC(=CC(=O)N1CC12CC(NC(=O)CC1CC[N+](C)(C)CC1)C(=O)N(C(=O)CCC[N+](C)(C)C)C2)CCCC1=[N+](C)c2c3c[nH]c2[nH]c([nH][nH]3)=C1
6kzd_64,C=C(C)CC1OC2CC3C(C)C(CC4C(C)(C)CCC(O)C4(C)C)C(OC(=O)C(C)=CC)OC3(C)C23CC2OC1(O)C23
4zyf_437,CN(C)CCCN(C(=O)C1(C(=O)N2CCCCC2)C2CCC(=C(Br)C2=O)C1C(=O)NC1CCCCC1)C(C)(C)C(C)(C)C
5kqx_127,CC[N+](C)(C)C(=CC1(C)c2c(cc3c4c2CC(C)C(=O)C(=C4C)NC(=O)N3)NC1(C)C)C(=O)NC(C(=O)N(C)CCCCN)[N+](C)(C)C
1t31_570,C=C(C)C1CCC2(C(=O)NC(C)(C)C(=O)O)CCC(C)(C3(C)CC4C3C3(C)C(C)(C)CC5CC(OCOC)CC(O5)C43C)CC2C1(C)C
